Top-K,F1,Precision,Recall,File
1,52.6838095238095,59.4,40.62927496580027,predictions_bge_topk1.json
2,46.17285714285697,38.3,52.39398084815321,predictions_bge_topk2.json
3,38.563968253968284,28.199999999999996,57.865937072503414,predictions_bge_topk3.json
