task,model_name,score,abstention_rate
4-2,output_results_m20,0.7981702258285982,0.0
hall,output_results_m20,0.3668719074034748,0.0
4-1,output_results_m20,0.8666666666666667,0.0
4-2,output_results_m0,0.7546578284062696,0.0
hall,output_results_m0,0.8797441763605112,0.0
4-1,output_results_m0,0.3855555555555555,0.03333333333333333
