Top-K,F1,Precision,Recall,File
1,35.187619047619044,40.2,27.49658002735978,predictions_bm25_topk1.json
2,30.358095238095245,25.5,34.883720930232556,predictions_bm25_topk2.json
3,26.374603174603184,19.333333333333332,39.67168262653899,predictions_bm25_topk3.json
