task,model_name,score,abstention_rate
4-1,output_results_m20,0.7593333333333336,0.006666666666666667
hall0,output_results_m20,0.2949337238388045,0.0
auth0,output_results_m20,0.93192950150169,0.0
hall1,output_results_m20,0.6270173317737054,0.0
auth1,output_results_m20,0.491563895906677,0.0
