Top-K,F1,Precision,Recall,File
1,63.6304761904762,72.2,49.3844049247606,predictions_sailer_topk1.json
2,51.24999999999977,42.9,58.686730506155946,predictions_sailer_topk2.json
3,42.210634920634945,30.933333333333334,63.47469220246238,predictions_sailer_topk3.json
